wikidata_id,wikipedia_title
Q116719,Diane_Dodds
Q102421,Peter_Simon_(politician)
Q103764,Jutta_Steinruck
Q104492,Norbert_Neuser
Q104870,Knut_Fleckenstein
Q104881,Kerstin_Westphal
Q105021,Michael_Kauch
Q1021708,Ram%C3%B3n_Luis_Valc%C3%A1rcel
Q1055183,Carlo_Fatuzzo
Q1055165,Giuseppe_Castiglione_(politician)
Q1055202,Lapo_Pistelli
Q1055220,Pasqualina_Napoletano
Q1055262,Salvatore_Tatarella
Q1055321,Lucia_Annunziata
Q115084,Hella_Ranner
Q10291438,Maria_da_Gra%C3%A7a_Carvalho
Q10303913,Isilda_Gomes
Q10309880,Jos%C3%A9_Manuel_Fernandes
Q116812,Oriol_Junqueras
Q117150,Zigmantas_Bal%C4%8Dytis
Q1157638,Dainius_%C5%BDalimas
Q1158440,Damian_Dr%C4%83ghici
Q1159092,Dan_J%C3%B8rgensen
Q1164184,Dani%C3%ABl_van_der_Stoep
Q1166062,Dariusz_Rosati
Q1168762,Ville_It%C3%A4l%C3%A4
Q1174660,David_Hammerstein_Mintz
Q1177587,Mircea_Diaconu
Q11655642,Nikola_Vuljani%C4%87
Q11685756,Andreas_Pitsillides
Q11685764,Andrej_Plenkovi%C4%87
Q11860,Silvio_Berlusconi
Q1028887,Camiel_Eurlings
Q1032587,Ernest_Maragall
Q1038599,Carl_Haglund
Q1040479,Carl_Schlyter
Q1042010,Carlo_Casini
Q1048885,Bogdan_Golik
Q1055562,Antonio_Panzeri
Q1055587,Mario_Mantovani
Q1055612,Alessandro_Foglietta
Q1055625,Vincenzo_Lavarra
Q1055636,Marcello_Vernola
Q1060314,Raffaele_Fitto
Q1060462,Antonio_De_Poli
Q1073202,Donato_Tommaso_Veraldi
Q1075636,Donata_Gottardi
Q1077655,Aldo_Patriciello
Q1077663,Gianluca_Susta
Q1077693,Andrea_Losco
Q1081665,Christian_Sagartz
Q1083771,Christine_Schneider
Q11769926,Mariya_Gabriel
Q1183377,Deirdre_Clune
Q11686816,Artur_Zasada
Q11687634,Beata_Gosiewska
Q11688652,Borys_Budka
Q11691062,Marina_Albiol
Q11692492,C%C4%83t%C4%83lin_Ivan
Q11697441,Ewa_Tomaszewska
Q11714113,Susy_De_Martini
Q11714338,Ivan_%C5%A0tefanec
Q11714349,Iveta_Grigule-P%C4%93terse
Q11715524,Jacek_Protas
Q11719711,Jana_%C5%BDit%C5%88ansk%C3%A1
Q11728715,Jo%C3%A3o_Ferreira_(politician)
Q11749266,Krzysztof_Hetman
Q11756598,Liene_Liepi%C5%86a
Q11767619,Marcin_Kierwi%C5%84ski
Q11767999,Marek_Balt
Q1871727,Louis_Grech
Q1891910,Syed_Kamall
Q1055461,Armando_Dionisi
Q1055474,Riccardo_Ventre
Q1055534,Giorgio_Carollo
Q1148719,Luigi_de_Magistris_(politician)
Q1228102,Dirk_Sterckx
Q1229515,Thijs_Berman
Q1230084,"Martin_Callanan,_Baron_Callanan"
Q1235376,Rolandas_Pavilionis
Q1238159,Dominique_Baudis
Q11074254,Biljana_Borzan
Q11142171,Marino_Baldini
Q187568,Willy_Meyer_Pleite
Q188160,Dominique_Vlasto
Q195401,Judith_Merkies
Q11880159,Veronika_Vrecionov%C3%A1
Q11882986,Mirja_Vehkaper%C3%A4
Q1862392,Alexis_Georgoulis
Q1876930,Lukas_Mandl
Q1892362,Marco_Cappato
Q102395874,Zsuzsanna_Borvend%C3%A9g
Q104070010,Claudiu_T%C3%A2rziu
Q104126196,Emma_Wiesner
Q104381399,Diana_%C8%98o%C8%99oac%C4%83
Q104598998,Adrian-George_Axinia
Q104686899,Alin_Mitu%C8%9Ba
Q105080282,Friedrich_P%C3%BCrner
Q115056535,Denis_Nesci
Q115139975,Stanislav_Stoyanov_(politician)
Q115408301,Erik_Poulsen_(Danish_politician)
Q117037367,Roberto_Vannacci
Q117409487,S%C3%A9rgio_Humberto
Q117618605,Maria_Veronica_Rossi
Q117663113,Francesca_Peppucci
Q118669796,Fredis_Beleris
Q122803246,Lydie_Massard
Q122835372,Anna_Bry%C5%82ka
Q122852043,Ewa_Zaj%C4%85czkowska-Hernik
Q123038876,Martine_Kemp
Q123220692,Fidias_Panayiotou
Q123232131,Rima_Hassan
Q123701109,Esther_Sanz_Selva
Q123778841,Fran%C3%A7ois_Thiollet
Q1097204,Claude_Turmes
Q1097772,Claudia_Schmidt_(politician)
Q109925,Michael_Theurer
Q110783,Britta_Reimers
Q111435,Jan-Christoph_Oetjen
Q1110075,Colm_Burke
Q1111570,Giovanni_Procacci
Q1112658,Maria_Noichl
Q114033,Marlene_Mortler
Q114290,Karin_Kadenbach
Q1120020,"B%C3%A9la_Kov%C3%A1cs_(politician,_1960)"
Q114667,Sarah_Wiener
Q1133702,Corneliu_Vadim_Tudor
Q12316339,Henrik_Dahl_(politician)
Q12320916,J%C3%B8rn_Dohrmann
Q12327679,Morten_Helveg_Petersen
Q12328993,Nikolaj_Villumsen
Q12331300,Per_Clausen
Q12333503,Rina_Ronja_Kari
Q12379326,Jana_Toom
Q114006412,Theresa_Bielowski
Q113016342,Jana_Nagyov%C3%A1_(politician)
Q113453333,Stephen_Nikola_Bartulica
Q113987984,Jo%C3%A3o_Albuquerque
Q114015374,Eva-Maria_Poptcheva
Q114031217,Beatrice_Timgren
Q114363384,Matthias_Ecke
Q114398640,Sebasti%C3%A3o_Bugalho
Q115055904,Maria_Angela_Danz%C3%AC
Q115055962,Elisabetta_De_Blasis
Q115056338,Matteo_Gazzini
Q115056412,Paola_Ghidoni
Q105564,Hans-Olaf_Henkel
Q105761,Klaus_Buchner
Q1055415,Luisa_Morgantini
Q1055420,Luigi_Cocilovo
Q1055437,Romano_Maria_La_Russa
Q1055449,Matteo_Salvini
Q108736,Birgit_Sippel
Q1097007,Claude_Moraes
Q10324447,Manuel_Pizarro_(politician)
Q10338219,Nuno_Melo_(politician)
Q10346767,Paulo_Rangel
Q10372930,Sofia_Ribeiro
Q10819323,Andrea_%C4%8Ce%C5%A1kov%C3%A1
Q1238315,Dominique_Riquet
Q10949778,Fernando_Maura_Barandiar%C3%A1n
Q11771008,Mar%C3%ADa_Irigoyen_P%C3%A9rez
Q11778705,Micha%C5%82_Dworczyk
Q11778888,Micha%C5%82_Kobosko
Q11785160,Monika_Smolkov%C3%A1
Q11797891,Olga_Sehnalov%C3%A1
Q11813593,Patryk_Jaki
Q11815936,Petya_Stavreva
Q11816030,Petru_Luhan
Q11827078,Preslav_Borissov
Q11834951,Robert_Du%C5%A1ek
Q11857612,Elsi_Katainen
Q11869065,Kaja_Kallas
Q1892853,Marc_Tarabella
Q1895909,Vangelis_Meimarakis
Q1922673,Gilbert_Collard
Q1930882,Michel_Reimon
Q1944783,Monika_Vana
Q12271852,Angel_Dzhambazki
Q12272021,Andrei_Slabakov
Q12281964,Hristo_Petrov
Q12288663,Nikolay_Barekov
Q12290387,Petar_Volgin
Q12301466,Anders_Vistisen
Q18575732,Andrey_Novakov
Q18578145,Ioan_Enciu
Q18590052,Stefano_Bonaccini
Q18633801,Sebastian_Tynkkynen
Q18641022,Elena_Kountoura
Q18668688,Ivan_Vilibor_Sin%C4%8Di%C4%87
Q18744905,Philippe_Olivier
Q18755697,Anneleen_Van_Bossuyt
Q18913642,Nikos_Pappas_(politician)
Q19204896,Iliya_Lazarov
Q19320457,Carolina_Punset
Q19395826,Damiano_Zoffoli
Q19422218,Miguel_Urb%C3%A1n
Q101584186,Vlad_Gheorghe
Q105964502,Joachim_Streit
Q106133800,Sebastiaan_St%C3%B6teler
Q106518433,Thijs_Reuten
Q106519771,Michiel_Hoogeveen
Q106950733,Ana_Miguel_dos_Santos
Q107316188,Aleksandar_Nikolic_(politician)
Q107355967,Michalis_Hatzipantelas
Q108308348,Emma_Rafowicz
Q108731355,Ond%C5%99ej_Dost%C3%A1l
Q108788753,Rudi_Kennes
Q108904462,Karolin_Braunsberger-Reinhold
Q109468729,Lena_Schilling
Q2629028,Panagiotis_Beglitis
Q159889,Petr_Mach
Q162395,Andrew_Brons
Q1578763,Hans_Blokland_(politician)
Q1580480,James_Elles
Q1583347,Hans_van_Baalen
Q1598789,Kyriakos_Mavronikolas
Q1628512,Milan_Zver
Q11917597,Dolors_Montserrat
Q264823,Satu_Hassi
Q2595856,Alessandro_Zan
Q2596947,Filip_Kaczmarek
Q2617559,Tonino_Picula
Q2621730,J%C3%BCri_Ratas
Q2632117,Alexander_Mirsky
Q2640766,Aleksandar_Yordanov
Q340239,Achille_Occhetto
Q342929,%C4%A2irts_Valdis_Kristovskis
Q345225,Sylwester_Chruszcz
Q345751,Radu_%C8%9A%C3%A2rle
Q345794,Marian-Jean_Marinescu
Q347189,Cristian_Dumitrescu
Q347202,Radu_Podgorean
Q347209,Vasile_D%C3%AEncu
Q347466,Dan_Mihalache
Q347477,K%C3%A1roly_Ferenc_Szab%C3%B3
Q348800,Ioan_Mircea_Pa%C8%99cu
Q348808,Vasile_Pu%C8%99ca%C8%99
Q348993,Cristian_Bu%C8%99oi
Q15995,Kathleen_Van_Brempt
Q27182,Rachida_Dati
Q1200924,Desislav_Chukolov
Q119362,Jean-Paul_Besset
Q119366,Werner_Kuhn_(politician)
Q120387,Daniela_Buruian%C4%83
Q120859,Nadja_Hirsch
Q121785,Vladimir_Urutchev
Q1200008,Derek_Clark
Q1200134,Derek_Vaughan
Q1215567,Catiuscia_Marini
Q124965,Ulrike_Rodust
Q1225736,Marta_Vincenzi
Q1225836,Dimitar_Stoyanov_(politician)
Q1247041,Michele_Santoro
Q159472,Zbigniew_Ziobro
Q159490,Jan_Zahradil
Q159648,Gianni_Vattimo
Q159813,Nick_Griffin
Q164582,Vytautas_Landsbergis
Q11213537,K%C4%81rlis_%C5%A0adurskis
Q11266281,Margaritis_Schinas
Q11289261,Ricardo_Cort%C3%A9s_Lastra
Q1576649,Hannu_Takkula
Q201794,Tomasz_Frankowski
Q202117,Sergey_Stanishev
Q204847,Eugenijus_Gentvilas
Q261120,Margrete_Auken
Q263566,Maria_Badia_i_Cutchet
Q264802,Monica_Frassoni
Q272522,Jill_Evans
Q273578,Danuta_Jaz%C5%82owiecka
Q273569,Jolanta_Hibner
Q274125,R%C3%B3%C5%BCa_Thun
Q274652,%C3%89lie_Hoarau
Q274727,Gabriela_Cre%C8%9Bu
Q274739,Adina-Ioana_V%C4%83lean
Q274735,Mechtild_Rothe
Q274750,Silvia_Ciornei
Q274770,Corina_Cre%C8%9Bu
Q274779,Daciana_S%C3%A2rbu
Q274775,Monica_Iacob_Ridzi
Q274786,Viorica_Moisuc
Q2738322,Riho_Terras
Q109918947,Nikola_Minchev
Q109968699,Annam%C3%A1ria_Vicsek
Q110213949,Pierre-Romain_Thionnet
Q110513292,Camilla_Laureti
Q110529529,Karsten_Lucke
Q110572786,Malte_Gall%C3%A9e
Q110589780,Catharina_Rinzema
Q110635584,Sofie_Eriksson
Q110794778,Ren%C3%A9_Repasi
Q110970031,Anna_St%C3%BCrgkh
Q111353622,Rosa_Mar%C3%ADa_Serrano_Sierra
Q111796425,Rody_Tolassy
Q112130382,Max_Orville
Q112472001,%C4%BDubica_Karva%C5%A1ov%C3%A1
Q112650871,Anne-Sophie_Frigout
Q112652864,Marina_Mesure
Q112654296,%C3%89ric_Minardi
Q347505,Ovidiu_Ioan_Silaghi
Q275679,Joanna_Senyszyn
Q276161,Krystyna_%C5%81ybacka
Q348106,Lasse_Lehtinen
Q348752,Petre_Popeang%C4%83
Q348770,Mircea_Co%C8%99ea
Q348781,Gheorghe_Vergil_%C8%98erbu
Q270530,Marianne_Thyssen
Q1603428,Helmut_Brandst%C3%A4tter
Q1606293,Henrik_Lax
Q1614514,Pascal_Arimont
Q1618317,Hildegard_Bentele
Q1640725,Hynek_Bla%C5%A1ko
Q1642620,Reino_Paasilinna
Q12015628,Claudette_Abela_Baldacchino
Q12016827,Franc_Bogovi%C4%8D
Q12022507,Jan_Farsk%C3%BD
Q12025429,Ji%C5%99%C3%AD_Payne
Q12028942,Kate%C5%99ina_Kone%C4%8Dn%C3%A1
Q12036669,Michaela_%C5%A0ojdrov%C3%A1
Q12055995,Stanislav_Pol%C4%8D%C3%A1k
Q12059351,Tom%C3%A1%C5%A1_Zdechovsk%C3%BD
Q1970696,Alfredo_Antoniozzi
Q1971334,Miroslavs_Mitrofanovs
Q1976379,Anders_Wijkman
Q1985836,Niclas_Herbst
Q265479,Achille_Variati
Q266208,Kinga_G%C3%B6ncz
Q266793,Theresa_Villiers
Q269632,Joachim_Wuermeling
Q269859,%C3%85sa_Westlund
Q270511,Annemie_Neyts-Uyttebroeck
Q270498,Krisztina_Morvai
Q270509,In%C3%A9s_Ayala
Q270883,Magdalena_%C3%81lvarez
Q271266,Elena_B%C4%83sescu
Q271646,Rasa_Juknevi%C4%8Dien%C4%97
Q2742542,Marie-H%C3%A9l%C3%A8ne_Descamps
Q2745560,Agnes_Jongerius
Q2746850,Luisa_Fernanda_Rudi
Q2754925,Vito_Bonsignore
Q2755156,Sergio_Berlato
Q3385791,Pierre_Larrouturou
Q3386685,Pierre_Pribetich
Q3400377,Bilyana_Raeva
Q3417325,Raffaele_Baldassarre_(politician)
Q3424934,Renaud_Muselier
Q3441723,Jozo_Rado%C5%A1
Q3442491,Roselyne_Lefran%C3%A7ois
Q3453279,Rupert_Matthews
Q3453988,Ryszard_Legutko
Q15817642,Petr_Je%C5%BEek
Q15846338,Andrejs_Mamikins
Q15870693,Dita_Charanzov%C3%A1
Q15870687,Martina_Dlabajov%C3%A1
Q15907132,J%C3%B6rg_Meuthen
Q282653,Lojze_Peterle
Q3509201,Janusz_Wojciechowski
Q125406924,Ricardo_Morgado
Q125514999,Marie-Luce_Brasier-Clain
Q125542328,D%C3%B3ra_D%C3%A1vid
Q125542353,Zolt%C3%A1n_Tarr
Q125543408,Andr%C3%A1s_Kulja
Q125556730,Paulo_Cunha_(politician)
Q125573231,Francesco_Torselli
Q125580751,Pascale_Piera
Q125581901,Carla_Tavares
Q125589692,Kristoffer_Hjort_Storm
Q125704358,Eszter_Lakos
Q126660,Theodor_Stolojan
Q280390,Ivo_Belet
Q281433,Andr%C3%A1s_Gy%C3%BCrk
Q3340073,Nicolas_Bay
Q3341844,Nikolaos_Chountis
Q3362598,Paolo_Bartolozzi
Q3363827,Carina_Ohlsson
Q3367388,Pascal_Durand
Q3369474,Patrick_Gaubert
Q3369647,Patrick_Louis
Q3496790,Joan_Calabuig
Q3496866,Carlos_Iturgaiz
Q3497810,Steeve_Briois
Q3497915,Carlos_Carnero
Q3497921,Luis_Herrero-Tejedor_Algar
Q3497934,Javier_Moreno_(politician)
Q3497944,Nina_%C5%A0kottov%C3%A1
Q3499853,Jim_Allister
Q3501177,Edvard_Ko%C5%BEu%C5%A1n%C3%ADk
Q3504092,Daniel_Stro%C5%BE
Q3504591,Irena_Belohorsk%C3%A1
Q3504580,Peter_Baco
Q3508029,Zuzana_Brzobohat%C3%A1
Q3510471,Ev%C5%BEen_To%C5%A1enovsk%C3%BD
Q3511688,Jarom%C3%ADr_%C5%A0t%C4%9Btina
Q3524195,Thierry_Cornillet
Q16440157,Monica_Semedo
Q16444907,Au%C5%A1ra_Maldeikien%C4%97
Q16459273,Liudas_Ma%C5%BEylis
Q16496250,Alice_Teodorescu_M%C3%A5we
Q19694726,Estefan%C3%ADa_Torres_Mart%C3%ADnez
Q19725706,Jaak_Madison
Q19760666,Assita_Kanko
Q26822072,Guido_Reil
Q26833634,Drago%C8%99_Tudorache
Q27063663,Domenico_Lucano
Q124620577,C%C3%A9line_Imart
Q124634358,Linus_Glanzelius
Q124661466,Erik_Kali%C5%88%C3%A1k
Q124663398,Anna_Maria_Cisint
Q124842262,Tom%C3%A1%C5%A1_Kub%C3%ADn
Q124972943,Jan_Ovelg%C3%B6nne
Q125209212,Anabela_Rodrigues_(MEP)
Q125376815,Vasco_Becker-Weinberg
Q125377990,V%C3%A2nia_Neto
Q125378772,Te%C3%B3filo_Santos
Q125398344,Matthieu_Valet
Q2042395,Andr%C3%A9_Elissen
Q2051862,Louis_Ide
Q2655763,Alessandro_Battilocchio
Q2662771,Inese_Vaidere
Q2674713,Luciana_Sbarbati
Q2697618,Tineke_Strik
Q336521,Eluned_Morgan
Q336537,Glenys_Kinnock
Q348999,Alexandru_Ioan_Mor%C8%9Bun
Q349018,Eugen_Mih%C4%83escu
Q349024,Eduard_Hellvig
Q349035,Cristian_St%C4%83nescu
Q349492,Adam_Gierek
Q351039,Adam_Szejnfeld
Q351655,Adamos_Adamou
Q3487103,Boris_Zala
Q3488946,Tom%C3%A1%C5%A1_Zatloukal
Q3489310,V%C4%9Bra_Flasarov%C3%A1
Q3490143,Jaroslav_Zv%C4%9B%C5%99ina
Q3490182,Milan_Cabrnoch
Q3490171,Zbigniew_Zaleski
Q3490417,Ivo_Strej%C4%8Dek
Q3491839,Jan_Keller
Q3495796,%C3%81rp%C3%A1d_Duka-Z%C3%B3lyomi
Q3496488,Olle_Schmidt
Q3496740,Lu%C3%ADs_Capoulas_Santos
Q16061914,Eliza_Vozemberg
Q16064658,Georg_Mayer
Q16089810,Romana_Tomc
Q16113442,Sun%C4%8Dana_Glavak
Q16160202,Ilan_de_Basso
Q16162917,Malin_Bj%C3%B6rk
Q16164894,Jane_Collins
Q16186683,Teresa_Gim%C3%A9nez_Barbat
Q16189675,Antoni_Com%C3%ADn
Q16209258,Cyrus_Engerer
Q16268441,Elisabetta_Gualmini
Q16269497,Iskra_Mihaylova
Q16300574,Juan_Carlos_Girauta
Q16328888,Petros_S._Kokkalis
Q16329183,Giorgos_Georgiou_(Cypriot_politician)
Q16329215,Anna-Misel_Asimakopoulou
Q16330441,Neoklis_Sylikiotis
Q16389751,Caterina_Chinnici
Q34674536,Dennis_Radtke
Q16039218,Isabella_De_Monte
Q16354684,Christine_Revault_d%27Allonnes-Bonnefoy
Q272240,Siiri_Oviir
Q124024336,Sander_Smit
Q124218598,Yvan_Verougstraete
Q124293065,Alma_Ezcurra
Q124331972,Niels_Geuking
Q124412639,Ilaria_Salis
Q124445369,Zala_Toma%C5%A1i%C4%8D
Q124488292,P%C3%A9ter_Magyar
Q2002390,Nello_Musumeci
Q1986007,Nico_Semsrott
Q1986069,Nicola_Beer
Q1994987,Jeannette_Baljeu
Q2002383,Toomas_Savi
Q2003427,Marcel_de_Graaff
Q2012761,Kris_Van_Dijck
Q2029704,Jonas_Sj%C3%B6stedt
Q2035944,Stavros_Arnaoutakis
Q2037525,Johannes_Lebech
Q12391819,Lidia_Senra
Q271721,Edit_Bauer
Q271902,Hanna_Gronkiewicz-Waltz
Q2780443,Hilde_Vautmans
Q2794709,Esteban_Gonz%C3%A1lez_Pons
Q2798242,Malik_Azmani
Q333729,Jim_Nicholson_(Northern_Ireland_politician)
Q333736,Robert_Atkins_(politician)
Q333764,Robert_Kilroy-Silk
Q334024,Liz_Lynne
Q334019,Nirj_Deva
Q334035,Timothy_Kirkhope
Q334043,Phillip_Whitehead
Q336057,"William_Legge,_10th_Earl_of_Dartmouth"
Q336425,"Sarah_Ludford,_Baroness_Ludford"
Q15919839,Giannis_Maniatis_(politician)
Q15951419,Marc_Angel
Q15967888,Eugen_Tomac
Q15976266,Dario_Nardella
Q2366466,Ville_Niinist%C3%B6
Q2368415,Mark_Demesmaeker
Q2369382,Susanne_Melior
Q2378100,Cornelis_Visser
Q2387309,Tadeusz_Ross
Q2391857,David_Sassoli
Q2418831,Theodoros_Skylakakis
Q2420152,Eva_Kaili
Q124024336,Sander_Smit
Q124218598,Yvan_Verougstraete
Q124293065,Alma_Ezcurra
Q124331972,Niels_Geuking
Q124412639,Ilaria_Salis
Q124445369,Zala_Toma%C5%A1i%C4%8D
Q124488292,P%C3%A9ter_Magyar
Q1576649,Hannu_Takkula
Q1578763,Hans_Blokland_(politician)
Q1580480,James_Elles
Q1583347,Hans_van_Baalen
Q12391819,Lidia_Senra
Q241208,Isabella_L%C3%B6vin
Q241563,Sari_Essayah
Q242090,Danuta_H%C3%BCbner
Q2165078,Romeo_Franz
Q2171878,Ramon_Tremosa
Q311063,Poul_Nyrup_Rasmussen
Q312901,Josep_Borrell
Q313199,Ari_Vatanen
Q315128,Ralf_Walter
Q315151,Tobias_Pfl%C3%BCger
Q316226,Ciriaco_De_Mita
Q3847318,Maria_Grazia_Pagano
Q3851074,Massimiliano_Salini
Q3851077,Massimiliano_Smeriglio
Q3852194,Matteo_Ricci_(politician)
Q3875891,Niccol%C3%B2_Rinaldi
Q20668367,Stefano_Maullu
Q20876325,Vicent_Marz%C3%A0
Q21029376,Claudia_Gamon
Q21156576,Christophe_Grudler
Q21231228,Kamila_Gasiuk-Pihowicz
Q21282013,Waldemar_Buda
Q21282054,Joanna_Kopci%C5%84ska
Q21282118,Joanna_Scheuring-Wielgus
Q21282143,Dominik_Tarczy%C5%84ski
Q21282153,Maciej_W%C4%85sik
Q21282147,Stanis%C5%82aw_Tyszka
Q21547522,Caroline_Nagtegaal
Q21600336,Xabier_Benito_Ziluaga
Q21634444,Gilles_Boyer
Q21706297,Irene_Montero
Q38655134,Milan_Uhr%C3%ADk
Q282653,Lojze_Peterle
Q1618317,Hildegard_Bentele
Q255023,Nicole_Fontaine
Q255666,Rosa_D%C3%ADez
Q256001,Heidi_Hautala
Q256095,Stanis%C5%82aw_O%C5%BC%C3%B3g_(politician)
Q280390,Ivo_Belet
Q2464817,Cora_van_Nieuwenhuizen
Q281433,Andr%C3%A1s_Gy%C3%BCrk
Q2477402,Ulrike_M%C3%BCller_(politician)
Q2507571,Adam_Bielan
Q285345,Robert_Navarro_(politician)
Q285543,Alessandra_Mussolini
Q3154049,Ioannis_Lagos
Q3154961,Isabelle_Le_Callennec
Q3155046,Isabelle_Thomas_(politician)
Q3161914,Janelly_Fourtou
Q3164979,Jean-Claude_Fruteau
Q15817642,Petr_Je%C5%BEek
Q15846338,Andrejs_Mamikins
Q15870693,Dita_Charanzov%C3%A1
Q15870687,Martina_Dlabajov%C3%A1
Q15907132,J%C3%B6rg_Meuthen
Q15919839,Giannis_Maniatis_(politician)
Q15951419,Marc_Angel
Q16061914,Eliza_Vozemberg
Q16064658,Georg_Mayer
Q16089810,Romana_Tomc
Q16113442,Sun%C4%8Dana_Glavak
Q16160202,Ilan_de_Basso
Q16162917,Malin_Bj%C3%B6rk
Q16164894,Jane_Collins
Q16186683,Teresa_Gim%C3%A9nez_Barbat
Q16189675,Antoni_Com%C3%ADn
Q16209258,Cyrus_Engerer
Q16039218,Isabella_De_Monte
Q2526083,Monica_Macovei
Q131991,Mogens_Camre
Q132462,David_Martin_(Scottish_politician)
Q12725938,Cristian_Ghinea
Q12726340,Dan_Motreanu
Q12726380,Daniel_Buda
Q286466,Charles_Goerens
Q2542770,Younous_Omarjee
Q2554859,Josep_Maria_Terricabras_i_Nogueras
Q2573947,Renato_Brunetta
Q2586585,Witold_Pahl
Q327692,Edward_Czesak
Q327879,Luigi_Berlinguer
Q328497,Bogdan_Wenta
Q329694,Olaf_Stuger
Q332540,Chris_Huhne
Q15967888,Eugen_Tomac
Q15976266,Dario_Nardella
Q15980671,Carlos_Zorrinho
Q15987050,Petar_Kurumbashev
Q446794,Rita_Borsellino
Q446995,Margie_Sudre
Q446991,Sophie_in_%27t_Veld
Q447452,Josef_Zieleniec
Q447579,Krzysztof_Lisek
Q447647,Karin_Riis-J%C3%B8rgensen
Q448543,Jean_Lambert
Q455375,Lidia_Geringer_de_Oedenberg
Q455522,Linda_McAvan
Q455541,Anne_Van_Lancker
Q455548,Christel_Schaldemose
Q455553,Emine_Bozkurt
Q455859,Ona_Juknevi%C4%8Dien%C4%97
Q456484,Judith_Sargentini
Q456650,Fiona_Hall_(politician)
Q456745,Edit_Herczog
Q456877,Sharon_Bowles
Q23559933,Lars_Patrick_Berg
Q23691603,Pietro_Bartolo
Q23769958,Richard_Tice
Q23867530,Drago%C8%99_P%C3%AEslaru
Q24641234,Clotilde_Armand
Q31210746,"Wajid_Khan,_Baron_Khan_of_Burnley"
Q31271619,John_Howarth_(politician)
Q3281,Marit_Paulsen
Q1358896,Henrik_Dam_Kristensen
Q1363583,Simon_Busuttil
Q1348054,Kostis_Hatzidakis
Q126489685,Nicol%C3%A1s_Pascual_de_la_Parte
Q126490469,Estelle_Ceulemans
Q126504150,Lukas_Sieper
Q126504934,Irmhild_Bossdorf
Q126522622,Ruth_Firmenich
Q126524706,Giovanni_Crosetto
Q126532675,Mariateresa_Vivaldini
Q126540636,Lucia_Yar
Q126541156,Kai_Tegethoff
Q126541329,Alexander_Jungbluth
Q126543809,Daniel_Attard
Q126595838,Maria_Zacharia
Q126596118,Alberico_Gambino
Q126596116,Paolo_Inselvini
Q126596580,Marco_Squarta
Q126600111,Geadis_Geadi
Q126616226,Ciaran_Mullooly
Q126655707,Peter_Agius
Q126678825,Thomas_Bajada
Q126680565,Arno_Bausemer
Q126683791,Taner_Kabilov
Q126716046,Anja_Arndt
Q126717449,Borja_Gim%C3%A9nez_Larraz
Q126723773,Alexander_Sell
Q126728399,Beno%C3%AEt_Cassart
Q126728517,Jan-Peter_Warnke
Q126735144,Diego_Solier
Q126759263,Ingeborg_ter_Laak
Q126811559,Luis_Lazarus
Q126840144,Catarina_Vieira
Q126843005,Reinis_Poz%C5%86aks
Q126869662,Jessika_van_Leeuwen
Q126870308,Anouk_van_Brug
Q126902868,Benedetta_Scuderi
Q126908619,Cristina_Guarda
Q126918590,Brigitte_van_den_Berg
Q126919014,Nora_Junco
Q126936227,Antonella_Sberna
Q1350579,Philippe_Morillon
Q1351147,G%C3%A9rard_Onesta
Q1351155,Filip_Adwent
Q1357078,Vladim%C3%ADr_%C5%BDelezn%C3%BD
Q1357170,Pavel_Teli%C4%8Dka
Q1357206,Gunnar_H%C3%B6kmark
Q1357367,Ole_Christensen
Q1361333,Viktor_Uspaskich
Q1362858,Esko_Sepp%C3%A4nen
Q1363547,Jan_Mulder_(politician)
Q1368766,Jean-Pierre_Audy
Q1372517,Eugen_Freund
Q1376538,Juozas_Olekas
Q1376643,Leonidas_Donskis
Q1378001,Fausto_Correia
Q1379752,Jacques_Toubon
Q1380953,John_Bufton
Q333729,Jim_Nicholson_(Northern_Ireland_politician)
Q333714,Neil_Parish
Q448913,Lena_Kolarska-Bobi%C5%84ska
Q449080,Udo_Bullmann
Q449484,Tadeusz_Zwiefka
Q449826,Enrique_Bar%C3%B3n
Q450027,Lara_Magoni
Q450298,Alyn_Smith
Q24807484,Mario_Mauro
Q24951518,Angelo_Ciocca
Q27182,Rachida_Dati
Q270530,Marianne_Thyssen
Q272240,Siiri_Oviir
Q270511,Annemie_Neyts-Uyttebroeck
Q270509,In%C3%A9s_Ayala
Q270883,Magdalena_%C3%81lvarez
Q271266,Elena_B%C4%83sescu
Q271646,Rasa_Juknevi%C4%8Dien%C4%97
Q271721,Edit_Bauer
Q271902,Hanna_Gronkiewicz-Waltz
Q273578,Danuta_Jaz%C5%82owiecka
Q273569,Jolanta_Hibner
Q274125,R%C3%B3%C5%BCa_Thun
Q274652,%C3%89lie_Hoarau
Q274727,Gabriela_Cre%C8%9Bu
Q274739,Adina-Ioana_V%C4%83lean
Q274735,Mechtild_Rothe
Q274750,Silvia_Ciornei
Q274770,Corina_Cre%C8%9Bu
Q287849,%C3%89ric_Andrieu
Q287892,Ana_Mato
Q288917,Elena_Valenciano
Q290245,Teresa_Riera
Q290539,Izaskun_Bilbao_Barandica
Q291341,Corinne_Lepage
Q291887,%C3%8D%C3%B1igo_M%C3%A9ndez_de_Vigo
Q2834282,Alexandru_Nazare
Q2841087,Soledad_Cabez%C3%B3n_Ruiz
Q3275765,Madeleine_de_Grandmaison
Q3282095,Malika_Sorel
Q3288141,Marc_Joulaud
Q3290963,Maria_Jo%C3%A3o_Rodrigues
Q3291630,Marie-Christine_Arnautu
Q3293913,Marietta_Giannakou
Q3298484,Emanuel_Jardim_Fernandes
Q3310973,Michel_Teychenn%C3%A9
Q3321239,Jamila_Madeira
Q3334944,Nadine_Morano
Q430300,Nikos_Chrysogelos
Q431743,Ljudmila_Novak
Q432080,Hristina_Hristova
Q432086,Krzysztof_Jurgiel
Q432093,Nadezhda_Neynsky
Q432190,Anna_Fotyga
Q432183,Jacek_Kurski
Q450431,Maria_Petre
Q450673,Bairbre_de_Br%C3%BAn
Q450664,Corien_Wortmann-Kool
Q450710,Barbara_Kudrycka
Q450754,Frieda_Brepoels
Q451032,Katerina_Batzeli
Q451570,Mojca_Kleva
Q451696,Lydie_Polfer
Q452173,Marielle_de_Sarnez
Q452916,Amalia_Sartori
Q453848,Barbara_Matera_(politician)
Q453871,Sandrine_B%C3%A9lier
Q33035647,Clara_Ponsat%C3%AD
Q33109862,Agn%C3%A8s_Evren
Q33178150,Claude_Gruffat
Q33275664,Christophe_Gomart
Q454166,V%C3%A9ronique_De_Keyser
Q454245,Alan_Kelly_(politician)
Q455164,Anna_Z%C3%A1borsk%C3%A1
Q455179,Gerben-Jan_Gerbrandy
Q455264,Marie_Anne_Isler_B%C3%A9guin
Q455276,Maria_Martens
Q455360,Dorette_Corbey
Q456901,Sirpa_Pietik%C3%A4inen
Q457080,Josefa_Andr%C3%A9s_Barea
Q457117,Marie_Arena
Q457129,Emilie_Turunen
Q457673,Ashley_Fox
Q457826,Licia_Ronzulli
Q457878,Diana_Wallis
Q457884,Jeanine_Hennis-Plasschaert
Q458064,Cristiana_Muscardini
Q458052,Kartika_Liotard
Q458084,Fr%C3%A9d%C3%A9rique_Ries
Q127009304,S%C3%A9rgio_Gon%C3%A7alves
Q127160696,Sebastian_Kruis
Q127173543,Marco_Falcone_(politician)
Q127179431,Pierfrancesco_Maran
Q127220458,Stefano_Cavedagna
Q127226353,Bruno_Gon%C3%A7alves_(politician)
Q127267911,Ruggero_Razza
Q127268764,Danilo_Della_Valle
Q16976820,"Ian_Duncan,_Baron_Duncan_of_Springbank"
Q1313476,Miloslav_Ransdorf
Q1317281,Miguel_Arias_Ca%C3%B1ete
Q1324589,L%C3%A1szl%C3%B3_Tr%C3%B3cs%C3%A1nyi
Q1324719,Martina_Michels
Q1327905,Elena_Oana_Antonescu
Q1332769,Nicola_Zingaretti
Q1334208,Graham_Watson
Q1334761,Pino_Arlacchi
Q1336888,Emil_Stoyanov
Q1337232,Rui_Tavares
Q1338185,Morten_Messerschmidt
Q1338217,Stuart_Agnew
Q1339991,Peter_Skinner
Q1340096,Philip_Bradbourn
Q1340111,Struan_Stevenson
Q1340142,Richard_Howitt_(politician)
Q1340197,Jules_Maaten
Q1340210,Old%C5%99ich_Vlas%C3%A1k
Q1340521,Henri_Weber
Q1340526,Robert_Sturdy
Q1343074,Roberto_Fiore
Q1381218,Se%C3%A1n_Kelly_(politician)
Q1385534,Johan_Van_Hecke
Q1386216,Jos%C3%A9_Ribeiro_e_Castro
Q1386500,Terry_Reintke
Q167019,Jean-Marie_Cavada
Q261120,Margrete_Auken
Q263566,Maria_Badia_i_Cutchet
Q264802,Monica_Frassoni
Q264823,Satu_Hassi
Q265479,Achille_Variati
Q266208,Kinga_G%C3%B6ncz
Q266793,Theresa_Villiers
Q269632,Joachim_Wuermeling
Q269859,%C3%85sa_Westlund
Q270498,Krisztina_Morvai
Q13538232,Peter_Poll%C3%A1k
Q16866329,Grace_O%27Sullivan
Q16940072,H%C3%A9lder_Sousa_Silva
Q16943361,Arne_Lietz
Q16945593,Nathan_Gill
Q16945605,Lynn_Boylan
Q16947526,Salvo_Pogliese
Q16948138,%C3%89douard_Ferrand
Q16947962,Paul_Brannen
Q16948142,Sylvie_Goddyn
Q16948845,Bergur_L%C3%B8kke_Rasmussen
Q16963365,Jean-Luc_Schaffhauser
Q16963316,Myl%C3%A8ne_Troszczynski
Q16974976,Lucy_Anderson_(politician)
Q16975648,Janice_Atkinson
Q16975892,Elly_Schlein
Q16976828,Jill_Seymour
Q16976852,Julia_Reid
Q16916373,Guillaume_Balas
Q2629028,Panagiotis_Beglitis
Q1345946,Tunne_Kelam
Q1346162,Salvador_Garriga_Polledo
Q1346309,Eoin_Ryan_Jnr
Q1346602,Rihards_P%C4%ABks
Q1346627,Mario_Borghezio
Q274779,Daciana_S%C3%A2rbu
Q274775,Monica_Iacob_Ridzi
Q274786,Viorica_Moisuc
Q275679,Joanna_Senyszyn
Q276161,Krystyna_%C5%81ybacka
Q13224746,Christian_Allard
Q13360480,Nikos_Papandreou
Q13450383,Miroslav_%C4%8C%C3%AD%C5%BE
Q292043,Els_de_Groen
Q292076,B%C3%A1rbara_D%C3%BChrkop_D%C3%BChrkop
Q292095,Pilar_del_Castillo
Q292458,Marion_Mar%C3%A9chal
Q2595856,Alessandro_Zan
Q2596947,Filip_Kaczmarek
Q293214,El%C5%BCbieta_Kruk
Q293223,Beata_Kempa
Q293291,Beata_Mazurek
Q293295,Izabela_Kloc
Q2617559,Tonino_Picula
Q2621730,J%C3%BCri_Ratas
Q2632117,Alexander_Mirsky
Q2640766,Aleksandar_Yordanov
Q2655763,Alessandro_Battilocchio
Q2662771,Inese_Vaidere
Q2674713,Luciana_Sbarbati
Q2697618,Tineke_Strik
Q2842393,Ambroise_Guellec
Q2844986,Ana_Gomes
Q2850448,Anna-Maja_Henriksson
Q2851092,Anne_Ferreira
Q2851160,Anne_Laperrouze
Q432195,S%C5%82awomir_K%C5%82osowski
Q4069010,Gary_Titley
Q4116028,Christopher_Beazley
Q4118653,Abir_Al-Sahlani
Q4559562,Jessica_Polfj%C3%A4rd
Q946742,Kristian_Vigenin
Q1388478,John_Attard_Montalto
Q1389005,Joe_Higgins_(politician)
Q1390276,Panayiotis_Demetriou
Q296452,Theodoros_Zagorakis
Q296956,Rolandas_Paksas
Q298846,Ann_Widdecombe
Q299667,Dubravka_%C5%A0uica
Q301358,Hartmut_Nassauer
Q303716,Jonathan_Evans_(politician)
Q942579,Richard_Falbr
Q942993,Jaroslav_Pa%C5%A1ka
Q943067,S%C5%82awomir_Nitras
Q943146,Luis_Y%C3%A1%C3%B1ez-Barnuevo
Q943880,Giuseppe_Gargani
Q943971,Martin_Dimitrov
Q944009,Evgeni_Kirilov
Q944216,Vilis_Kri%C5%A1topans
Q944519,Jan_Masiel
Q944795,Alf_Svensson_(politician)
Q946023,Marco_Rizzo
Q946114,Paolo_Costa_(politician)
Q946639,Miroslav_Ouzk%C3%BD
Q946669,Roberto_Musacchio
Q946682,Malcolm_Harbour
Q946708,Jens_Holm
Q946755,Alain_Hutchinson
Q946779,Metin_Kazak
Q947257,Miguel_%C3%81ngel_Mart%C3%ADnez_Mart%C3%ADnez
Q948169,Roberto_Gualtieri
Q949046,Nils_Torvalds
Q1670096,Simon_Coveney
Q1671880,In%C3%AAs_Zuber
Q1703561,Joost_Lagendijk
Q1708843,Josu_Ortuondo_Larrea
Q12729203,Gheorghe_Piperea
Q12734978,Mariela_Baeva
Q12735517,Mihai_Tudose
Q12742616,Tudor_Ciuhodaru
Q2738322,Riho_Terras
Q2742542,Marie-H%C3%A9l%C3%A8ne_Descamps
Q2745560,Agnes_Jongerius
Q2746850,Luisa_Fernanda_Rudi
Q2754925,Vito_Bonsignore
Q2755156,Sergio_Berlato
Q2780443,Hilde_Vautmans
Q2856372,Gilles_Savary
Q2868303,Maria_da_Assun%C3%A7%C3%A3o_Esteves
Q2881693,Mar%C3%ADa_Mu%C3%B1iz_de_Urquiza
Q2897356,Bernadette_Bourzai
Q2898005,Bernard_Guetta
Q2898234,Bernard_Lehideux
Q2914240,Lily_Jacobs
Q2925428,Brigitte_Douay
Q2929484,B%C3%A9atrice_Patrie
Q2941841,Catherine_Boursier
Q16976943,Amjad_Bashir
Q16977486,Ignazio_Corrao
Q16977671,Javi_L%C3%B3pez_Fern%C3%A1ndez
Q16979858,Matt_Carthy
Q4176034,Milo%C5%A1_Koterec
Q4260107,Gra%C5%BCyna_Staniszewska
Q4267253,Aleksejs_Loskutovs
Q4308885,Jacek_W%C5%82osowicz
Q594672,Brigitte_Four%C3%A9
Q594858,Alexandre_Varaut
Q598543,Jean-Paul_Gauz%C3%A8s
Q598828,Antonia_Parvanova
Q599643,Jean-Louis_Cottigny
Q730921,Paolo_De_Castro
Q731042,J%C3%B3zsef_Sz%C3%A1jer
Q25963393,Kl%C3%A1ra_Dost%C3%A1lov%C3%A1
Q26822072,Guido_Reil
Q26833634,Drago%C8%99_Tudorache
Q27063663,Domenico_Lucano
Q28035943,Drago%C8%99_Benea
Q28039595,Roxana_M%C3%AEnzatu
Q28085796,%C8%98tefan_Mu%C8%99oiu
Q28113715,Virgil-Daniel_Popescu
Q28113900,Dan_Barna
Q28123976,Krzysztof_%C5%9Amiszek
Q95269,Werner_Schulz
Q28549362,Le%C3%AFla_Chaibi
Q28598564,Julien_Sanchez
Q40820775,R%C4%83zvan_Popa_(politician)
Q41205454,Sigrid_Friis_Frederiksen
Q42099949,Jean-Lin_Lacapelle
Q42216408,V%C3%A9ronique_Trillet-Lenoir
Q42307539,Danu%C5%A1e_Nerudov%C3%A1
Q45237464,Asim_Ademov
Q45365123,Laurence_Sailliet
Q1476255,S%C3%B8ren_Gade
Q16593781,Gabriela_Firea
Q1391098,Ian_Hudghton
Q1392344,Francisco_Sosa_Wagner
Q1392390,Jaros%C5%82aw_Wa%C5%82%C4%99sa
Q1392860,Raimon_Obiols
Q1441240,Francesco_Speroni
Q1442460,Franck_Proust
Q1444382,Frank_Vanhecke
Q1450883,Fran%C3%A7ois_Alfonsi
Q1471482,Fr%C3%A9d%C3%A9ric_Daerden
Q1475495,Iris_Hoffmann
Q1485198,Marcel_Kolaja
Q1499562,Joachim_Schuster
Q1735624,Katar%C3%ADna_Roth_Neve%C4%8Falov%C3%A1
Q14405672,Sandra_Petrovi%C4%87_Jakovina
Q16537126,Cl%C3%A1udia_Aguiar
Q16545093,Fernando_Ruas
Q16545829,Francis_Zammit_Dimech
Q16549460,Gilles_Lebreton
Q16563740,Judith_Kirton-Darling
Q16571128,Lefteris_Christoforou
Q16586580,Patrick_O%27Flynn
Q29877665,Helmut_Geuking
Q29913754,Volker_Schnurrbusch
Q30010698,Moritz_K%C3%B6rner
Q30011696,Ilana_Cicurel
Q30301690,Mikul%C3%A1%C5%A1_Peksa
Q4994624,Christian_Rovsing
Q43677404,Tomislav_Sokol
Q43677472,Marko_Ve%C5%A1ligaj
Q50221206,Dino_Giarrusso
Q173958,Edward_Scicluna
Q890426,Bogdan_Klich
Q126372940,Arash_Saeidi
Q126373071,Majdouline_Sba%C3%AF
Q126373079,M%C3%A9lissa_Camara
Q126373085,Thomas_Pellerin-Carlin
Q126373333,Anna_Strolenberg
Q126457764,Sabrina_Repp
Q126464207,Vivien_Costanzo
Q126464268,Sebastian_Everding
Q126472964,%C3%89ric_Sargiacomo
Q206471,Borut_Pahor
Q206619,Charlotte_Cederschi%C3%B6ld
Q210822,Ivars_Godmanis
Q2063954,Paulius_Saudargas
Q2065232,Ra%C3%BCl_Romeva
Q2066270,Philip_Claeys
Q2066569,Alejo_Vidal-Quadras_Roca
Q307920,%C3%96zlem_Demirel
Q311063,Poul_Nyrup_Rasmussen
Q336537,Glenys_Kinnock
Q3340073,Nicolas_Bay
Q3341844,Nikolaos_Chountis
Q444372,Marian_Harkin
Q444504,Arnaud_Danjean
Q444761,Tarja_Cronberg
Q445342,Corrado_Gabriele
Q445705,Philippe_Juvin
Q446042,Vital_Moreira
Q446584,Filiz_Hyusmenova
Q446679,Patrizia_Toia
Q17170708,Georgios_Katrougalos
Q17170880,Isabella_Adinolfi
Q17171393,Anne_Sander_(politician)
Q17171641,Mireille_d%27Ornano
Q17174668,Beatriz_Becerra
Q17174767,Jo%C3%ABlle_Bergeron
Q17174898,Dominique_Bilde
Q17175186,Marie-Christine_Boutonnet
Q17176889,Andi_Cristea
Q17177501,Pablo_Echenique
Q17189402,Jeroen_Lenaers
Q89878,Gerald_H%C3%A4fner
Q90244,Harald_Vilimsky
Q902439,Gianni_De_Michelis
Q38655134,Milan_Uhr%C3%ADk
Q31236,Reinhard_B%C3%BCtikofer
Q444093,Thanos_Plevris
Q124620577,C%C3%A9line_Imart
Q124634358,Linus_Glanzelius
Q124661466,Erik_Kali%C5%88%C3%A1k
Q124663398,Anna_Maria_Cisint
Q124842262,Tom%C3%A1%C5%A1_Kub%C3%ADn
Q124972943,Jan_Ovelg%C3%B6nne
Q125209212,Anabela_Rodrigues_(MEP)
Q125376815,Vasco_Becker-Weinberg
Q125377990,V%C3%A2nia_Neto
Q125378772,Te%C3%B3filo_Santos
Q125398344,Matthieu_Valet
Q125406924,Ricardo_Morgado
Q125514999,Marie-Luce_Brasier-Clain
Q125542328,D%C3%B3ra_D%C3%A1vid
Q125542353,Zolt%C3%A1n_Tarr
Q125543408,Andr%C3%A1s_Kulja
Q125556730,Paulo_Cunha_(politician)
Q125573231,Francesco_Torselli
Q125580751,Pascale_Piera
Q125581901,Carla_Tavares
Q125589692,Kristoffer_Hjort_Storm
Q125704358,Eszter_Lakos
Q125704422,Gabriella_Gerzsenyi
Q125704483,Kinga_Koll%C3%A1r
Q125711251,Laurent_Castillo
Q125735465,Julie_Rechagneux
Q125759249,Ang%C3%A9line_Furet
Q125759280,Pierre_Pimpie
Q125759309,Val%C3%A9rie_Deloge
Q125789969,Gr%C3%A9gory_Allione
Q125821489,Oihane_Agirregoitia
Q125919027,Liesbet_Sommen
Q125960633,Ansis_P%C5%ABpols
Q125967771,Micha%C5%82_Wawrykiewicz
Q125985612,Nikola_Bart%C5%AF%C5%A1ek
Q126116012,Raquel_Garc%C3%ADa_Hermida-van_der_Walle
Q126339534,Estrella_Gal%C3%A1n
Q126372922,Emma_Fourreau
Q334035,Timothy_Kirkhope
Q334043,Phillip_Whitehead
Q336057,"William_Legge,_10th_Earl_of_Dartmouth"
Q336425,"Sarah_Ludford,_Baroness_Ludford"
Q336521,Eluned_Morgan
Q443342,Marcin_Libicki
Q443409,Catherine_Stihler
Q443609,Arlene_McCarthy
Q443976,Rosa_Migu%C3%A9lez
Q16999706,Gabriele_Preu%C3%9F
Q16999729,Dietmar_K%C3%B6ster
Q17013901,Theresa_Griffin
Q17015617,Julie_Ward_(politician)
Q17024703,Eleonora_Forenza
Q17024746,Jos%C3%A9_In%C3%A1cio_Faria
Q17033649,Karen_Melchior
Q17037921,Steven_Woolfe
Q17067276,Claude_Rolin
Q17080318,Lars_Adaktusson
Q17155698,Maria_Spyraki
Q17155826,Georgios_Epitidios
Q17155832,Eleftherios_Synadinos
Q17155824,Kostas_Chrysogonos
Q17155834,Sotirios_Zarianopoulos
Q17166407,Robert_Iwaszkiewicz
Q17166422,Micha%C5%82_Marusik
Q17166729,Vicky_Maeijer
Q88866,Manfred_Weber
Q88879,Horst_Schnellhardt
Q88885,Roland_Gewalt
Q88893,Ingo_Schmitt
Q89051,Heinz_K._Becker
Q89292,Joachim_Starbatty
Q89398,Ulrike_Lunacek
Q334097,Emma_Nicholson
Q1348054,Kostis_Hatzidakis
Q1350579,Philippe_Morillon
Q1351147,G%C3%A9rard_Onesta
Q1514662,Jean-Luc_Bennahmias
Q1528519,Godfrey_Bloom
Q1531043,Glenn_Bedingfield
Q1531555,Sepp_Kusstatscher
Q1535927,Ottaviano_Del_Turco
Q2066785,Pedro_Silva_Pereira
Q2080450,Petras_Au%C5%A1trevi%C4%8Dius
Q2085597,Phil_Bennion
Q2097451,Sven_Mikser
Q2119928,Vasco_Gra%C3%A7a_Moura
Q2129398,Ralf_Seekatz
Q2134464,Henk_Jan_Ormel
Q2164581,Roman_Haider
Q312901,Josep_Borrell
Q313199,Ari_Vatanen
Q315128,Ralf_Walter
Q315151,Tobias_Pfl%C3%BCger
Q316226,Ciriaco_De_Mita
Q15117357,Katarina_Barley
Q15146515,Jaroslava_Pokorn%C3%A1_Jermanov%C3%A1
Q15146511,Radka_Maxov%C3%A1
Q15207915,Marlene_Mizzi
Q15229428,Bal%C3%A1zs_Hidv%C3%A9ghi
Q3362598,Paolo_Bartolozzi
Q3363827,Carina_Ohlsson
Q3367388,Pascal_Durand
Q3369474,Patrick_Gaubert
Q3369647,Patrick_Louis
Q4454559,Salvatore_Iacolino
Q4939261,Boles%C5%82aw_Piecha
Q4942281,Bodil_Valero
Q74191,Evelyne_Gebhardt
Q74194,Holger_Krahmer
Q74211,Ewa_Klamt
Q74205,Lissy_Gr%C3%B6ner
Q74215,Angelika_Niebler
Q74213,Heinz_Kindermann
Q74840,J%C3%BCrgen_Klute
Q75194,Ismail_Ertug
Q75193,Renate_Sommer
Q76265,Franziska_Brantner
Q76837,Daniel_Cohn-Bendit
Q9027010,Maite_Pagazaurtund%C3%BAa
Q1358896,Henrik_Dam_Kristensen
Q15651402,Johan_Van_Overtveldt
Q1351155,Filip_Adwent
Q1357078,Vladim%C3%ADr_%C5%BDelezn%C3%BD
Q1357170,Pavel_Teli%C4%8Dka
Q1357206,Gunnar_H%C3%B6kmark
Q1357367,Ole_Christensen
Q1361333,Viktor_Uspaskich
Q1362858,Esko_Sepp%C3%A4nen
Q1363547,Jan_Mulder_(politician)
Q2165078,Romeo_Franz
Q2171878,Ramon_Tremosa
Q366688,Petru_Filip
Q369362,Witold_Tomczak
Q369718,Sonia_Alfano
Q369766,Zita_Gurmai
Q372388,L%C3%ADvia_J%C3%A1r%C3%B3ka
Q372760,Adrian_Cioroianu
Q3040284,Jussi_Halla-aho
Q3041550,Miguel_Portas
Q3047625,Edite_Estrela
Q3052795,Emmanuel_Maurel
Q3059549,Eugen_Jurzyca
Q3062888,Sidonia_J%C4%99drzejewska
Q3064873,Victor_Bo%C8%99tinaru
Q374179,Adrian_Severin
Q15281152,Maria_Ohisalo
Q15391841,Marie-Agnes_Strack-Zimmermann
Q15564103,Ernest_Urtasun
Q15618404,Petra_Steger
Q15623382,Simona_Bonaf%C3%A9
Q15649550,Dace_Melb%C4%81rde
Q15696910,Virginie_Rozi%C3%A8re
Q15718586,Maria_Grapini
Q15724624,Fran%C3%A7ois-Xavier_Bellamy
Q453848,Barbara_Matera_(politician)
Q453871,Sandrine_B%C3%A9lier
Q454166,V%C3%A9ronique_De_Keyser
Q454245,Alan_Kelly_(politician)
Q455164,Anna_Z%C3%A1borsk%C3%A1
Q741983,Petr_Ducho%C5%88
Q744120,Lydia_Shouleva
Q744324,Vittorio_Prodi
Q93426,Silvia_Adriana_%C8%9Aic%C4%83u
Q55703,Bartosz_Ar%C5%82ukowicz
Q908335,Vladko_Panayotov
Q3082669,Ulla_T%C3%B8rn%C3%A6s
Q1735624,Katar%C3%ADna_Roth_Neve%C4%8Falov%C3%A1
Q1738098,Keith_Taylor_(British_politician)
Q3064927,Ramona_M%C4%83nescu
Q3064936,Sebastian_Bodu
Q3066505,Jos%C3%A9_Ram%C3%B3n_Bauz%C3%A1
Q3069232,Fernand_Le_Rachinel
Q3074223,Florian_Philippot
Q3085299,Guy_Bono
Q3088179,Jean-Marie_Beaupuy
Q3101123,Geoffroy_Didier
Q3109021,Ivan_Jakov%C4%8Di%C4%87
Q3115681,Marita_Ulvskog
Q3116195,Ilda_Figueiredo
Q15730943,Miroslav_Poche
Q15731842,Felix_Reda
Q15742179,Lud%C4%9Bk_Niedermayer
Q455179,Gerben-Jan_Gerbrandy
Q455264,Marie_Anne_Isler_B%C3%A9guin
Q455276,Maria_Martens
Q455360,Dorette_Corbey
Q17093506,Sven_Schulze
Q17116940,Nikos_Androulakis
Q17117407,Jakob_von_Weizs%C3%A4cker
Q17117404,Maria_Heubuch
Q17117405,Marcus_Pretzell
Q17117409,Martina_Werner
Q17117406,Ulrike_Trebesius
Q17118365,Gabrielius_Landsbergis
Q17120046,Igor_%C5%A0oltes
Q17121823,Miltos_Kyrkos
Q17123340,Brando_Benifei
Q548970,Gabriel_Mato
Q747728,S%C3%B8ren_S%C3%B8ndergaard_(politician)
Q755906,Alexandra_Dobolyi
Q761792,Armando_Veneto
Q763148,Lorenzo_Cesa
Q7533492,Si%C3%B4n_Simon
Q7563041,Sophie_Montel
Q7563494,Sorin_Frunz%C4%83verde
Q7666117,S%C3%A9rgio_Sousa_Pinto
Q90767,Sabine_L%C3%B6sing
Q90784,Gesine_Mei%C3%9Fner
Q90995,Hermann_Winkler
Q91526,Cornelia_Ernst
Q91697,Sabine_Verheyen
Q903825,G%C3%A1bor_Demszky
Q912701,Manuel_Medina_(politician)
Q932720,Karol_Karski
Q935962,Paul_Verg%C3%A8s
Q9339154,Sophocles_Sophocleous
Q9340768,Spyros_Danellis
Q9343571,Stanis%C5%82aw_%C5%BB%C3%B3%C5%82tek
Q9357304,Teresa_Jim%C3%A9nez-Becerril
Q9359622,Tomasz_Por%C4%99ba
Q9360698,Traian_Ungureanu
Q9368300,Viorica_D%C4%83ncil%C4%83
Q13538232,Peter_Poll%C3%A1k
Q3116223,G%C3%B6ran_F%C3%A4rm
Q3120121,Guillaume_Peltier
Q3124878,Nikolaos_Sifounakis
Q3131703,Olle_Ludvigsson
Q3133564,Jozef_Mih%C3%A1l
Q3134543,Herv%C3%A9_Juvin
Q3137902,Nedzhmi_Ali
Q3142509,Hugues_Bayet
Q3143147,Olivier_Chastel
Q3154049,Ioannis_Lagos
Q3154961,Isabelle_Le_Callennec
Q3155046,Isabelle_Thomas_(politician)
Q3161914,Janelly_Fourtou
Q3164979,Jean-Claude_Fruteau
Q17276525,Anne-Marie_Mineur
Q549785,S%C3%A1ndor_K%C3%B3nya-Hamar
Q550363,Sergio_Cofferati
Q550769,Georgios_Papastamkos
Q551425,Csaba_S%C3%B3gor
Q555057,Mathieu_Grosch
Q556149,Rapha%C3%ABl_Glucksmann
Q556409,Algirdas_Saudargas
Q557071,Svetoslav_Malinov
Q20656233,Karoline_Graswander-Hainz
Q20668367,Stefano_Maullu
Q20876325,Vicent_Marz%C3%A0
Q21029376,Claudia_Gamon
Q21156576,Christophe_Grudler
Q21231228,Kamila_Gasiuk-Pihowicz
Q21282013,Waldemar_Buda
Q21282054,Joanna_Kopci%C5%84ska
Q21282118,Joanna_Scheuring-Wielgus
Q21282143,Dominik_Tarczy%C5%84ski
Q21282153,Maciej_W%C4%85sik
Q21282147,Stanis%C5%82aw_Tyszka
Q21547522,Caroline_Nagtegaal
Q21600336,Xabier_Benito_Ziluaga
Q21634444,Gilles_Boyer
Q912776,Brian_Monteith
Q918818,Petri_Sarvamaa
Q920335,Edward_McMillan-Scott
Q95516,Joachim_Zeller
Q95558,Sabine_Wils
Q95758,Jens_Geier
Q9139694,Adam_Jarubas
Q9142309,Agnieszka_Koz%C5%82owska-Rajewicz
Q9144666,Alda_Sousa
Q9151716,Andrzej_Bu%C5%82a
Q9151911,Andrzej_Duda
Q74579100,Mireia_Borr%C3%A1s_Pab%C3%B3n
Q9670,Caroline_Lucas
Q2002390,Nello_Musumeci
Q91760567,Vikt%C3%B3ria_Ferenc
Q17315715,Miriam_Dalli
Q2002383,Toomas_Savi
Q2003427,Marcel_de_Graaff
Q2012761,Kris_Van_Dijck
Q2029704,Jonas_Sj%C3%B6stedt
Q2035944,Stavros_Arnaoutakis
Q2037525,Johannes_Lebech
Q2042395,Andr%C3%A9_Elissen
Q2051862,Louis_Ide
Q16527490,Antonio_Decaro
Q16529268,Anneliese_Dodds
Q16530497,Axel_Voss
Q16537126,Cl%C3%A1udia_Aguiar
Q16545093,Fernando_Ruas
Q16545829,Francis_Zammit_Dimech
Q17305108,Marco_Zullo
Q17305189,Victor_Negrescu
Q17305312,Lampros_Fountoulis
Q17310794,Jens_Gieseke_(politician)
Q17315555,Andor_Deli
Q17315553,Dimitris_Papadakis
Q17315558,P%C3%A9ter_Niederm%C3%BCller
Q17315716,Giorgos_Grammatikakis
Q17315718,Lauren%C8%9Biu_Rebega
Q17315717,Sorin_Mois%C4%83
Q5563569,Giorgos_Papanikolaou
Q71018,Lothar_Bisky
Q97573,Marion_Walsmann
Q953376,Giles_Chichester
Q954006,Jean-Paul_Garraud
Q956623,George_Lyon_(Scottish_politician)
Q957415,Andr%C3%A9_Laignel
Q957430,Iles_Braghetto
Q98158,Viola_von_Cramon-Taubadel
Q958266,Zita_Ple%C5%A1tinsk%C3%A1
Q959482,Bernard_Poignant
Q960150,St%C3%A9phane_Le_Foll
Q960188,Jos%C3%A9_Ignacio_Salafranca_S%C3%A1nchez-Neyra
Q960326,Sergej_Kozl%C3%ADk
Q960356,Bruno_Tobback
Q960643,Vincent_Peillon
Q2036303,Richard_Ashworth_(politician)
Q9175313,Bogdan_Rzo%C5%84ca
Q9188941,Babis_Angourakis
Q9202040,Dariusz_Jo%C5%84ski
Q54861014,Magid_Magid
Q54934102,Gabriele_Bischoff
Q55082237,Sylwia_Spurek
Q55376476,Milan_Mazurek
Q55400933,Patricia_Chagnon
Q55453413,M%C3%B3nica_Silvana_Gonz%C3%A1lez
Q55493801,Jorge_Buxad%C3%A9
Q55714607,Diana_Riba
Q55752813,Csaba_D%C3%B6m%C3%B6t%C3%B6r
Q1264754,Jens-Peter_Bonde
Q201794,Tomasz_Frankowski
Q202117,Sergey_Stanishev
Q204847,Eugenijus_Gentvilas
Q1970696,Alfredo_Antoniozzi
Q1971334,Miroslavs_Mitrofanovs
Q1976379,Anders_Wijkman
Q1985836,Niclas_Herbst
Q1986007,Nico_Semsrott
Q1986069,Nicola_Beer
Q1994987,Jeannette_Baljeu
Q3634690,Barbara_Spinelli
Q3659195,Carlo_Ciccioli
Q3659342,Carlo_Fidanza
Q3672035,Jaros%C5%82aw_Kalinowski
Q3704388,Debora_Serracchiani
Q3721414,Elena_Donazzan
Q3723227,Elisabetta_Gardini
Q3732035,Erminio_Boso
Q3735752,Eva-Riitta_Siitonen
Q3736499,Kri%C5%A1j%C4%81nis_Kari%C5%86%C5%A1
Q3740539,Elena_Yoncheva
Q17280090,Lola_S%C3%A1nchez_Caldentey
Q17280089,Teresa_Rodr%C3%ADguez
Q17297615,Gy%C3%B6rgy_H%C3%B6lv%C3%A9nyi
Q17297655,Jan_Huitema
Q17302280,Andrea_Bocskor
Q557693,Jordi_Ca%C3%B1as
Q5479644,Idoia_Mendia
Q5486312,Jussi_Saramo
Q5495887,Stine_Bosse
Q5533532,Genowefa_Grabowska
Q5547113,Georgi_Bliznashki
Q5555515,Max_Andersson_(politician)
Q5556322,Gheorghe_Falc%C4%83
Q5558074,Giancarlo_Scott%C3%A0
Q21706297,Irene_Montero
Q95895,Martin_H%C3%A4usling
Q96290,Helmut_Scholz_(politician)
Q96439,Alexandra_Thein
Q96605,Thomas_H%C3%A4ndel
Q30729075,Ga%C3%ABtan_Dussausaye
Q30987342,Christelle_Lechevalier
Q9152187,Andrzej_Halicki
Q9154406,And%C5%BCelika_Mo%C5%BCd%C5%BCanowska
Q9155828,Anna_Zalewska
Q9157952,Antonio_De_Blasio
Q16593781,Gabriela_Firea
Q1327905,Elena_Oana_Antonescu
Q1332769,Nicola_Zingaretti
Q460614,Eija-Riitta_Korhola
Q460635,Caroline_Jackson
Q460676,Merja_Kyll%C3%B6nen
Q460714,Anne_Delvaux
Q461152,Glenis_Willmott
Q461168,Christine_de_Veyrac
Q461366,Bernadette_Vergnaud
Q461393,Fran%C3%A7oise_Castex
Q461385,Tokia_Sa%C3%AFfi
Q461422,Ieke_van_den_Burg
Q461433,Fran%C3%A7oise_Grosset%C3%AAte
Q461442,Edith_Mastenbroek
Q461446,Nathalie_Griesbeck
Q461454,Marie-No%C3%ABlle_Lienemann
Q461460,Ria_Oomen-Ruijten
Q461970,V%C3%A9ronique_Mathieu
Q462744,Tanja_Fajon
Q16549460,Gilles_Lebreton
Q16563740,Judith_Kirton-Darling
Q16571128,Lefteris_Christoforou
Q16586580,Patrick_O%27Flynn
Q16595498,Arba_Kokalari
Q16596117,Soraya_Post
Q16596372,Ricardo_Serr%C3%A3o_Santos
Q16623762,Kristina_Winberg
Q16633235,Peter_Lundgren_(politician)
Q16637124,Fran%C3%A7ois_Kalfon
Q16666184,Nathalie_Loiseau
Q17315719,Branislav_%C5%A0kripek
Q17315720,Davor_%C5%A0krlec
Q17350470,Barbara_Bonte
Q17409262,Ivaylo_Valchev
Q17410051,Ivo_Hristov
Q68016,Helga_Tr%C3%BCpel
Q68020,Hiltrud_Breyer
Q68044,Reimer_B%C3%B6ge
Q68431,Bernd_Posselt
Q71528,Ska_Keller
Q71618,Sibylle_Berg
Q961250,Emilio_Men%C3%A9ndez
Q961656,Libor_Rou%C4%8Dek
Q961911,Wouter_Beke
Q962333,Ji%C5%99%C3%AD_Posp%C3%AD%C5%A1il
Q964465,Jim_Higgins_(Irish_politician)
Q964503,Se%C3%A1n_%C3%93_Neachtain_(politician)
Q965552,Lambert_van_Nistelrooij
Q966529,Damien_Abad
Q966713,Jelko_Kacin
Q31210746,"Wajid_Khan,_Baron_Khan_of_Burnley"
Q31271619,John_Howarth_(politician)
Q1334208,Graham_Watson
Q1334761,Pino_Arlacchi
Q1336888,Emil_Stoyanov
Q1337232,Rui_Tavares
Q1338185,Morten_Messerschmidt
Q1338217,Stuart_Agnew
Q1339991,Peter_Skinner
Q1340096,Philip_Bradbourn
Q1340111,Struan_Stevenson
Q1340142,Richard_Howitt_(politician)
Q1340197,Jules_Maaten
Q1340210,Old%C5%99ich_Vlas%C3%A1k
Q1340521,Henri_Weber
Q64156914,Antonio_Maria_Rinaldi
Q64351495,Andrea_Caroppo_(politician)
Q64485602,Alessandra_Basso
Q64504181,Annalisa_Tardino
Q64520631,Alessandro_Panza
Q405025,Aileen_McLeod
Q126485167,Afroditi_Latinopoulou
Q126485346,Val%C3%A9rie_Devaux
Q126486800,Elena_Sancho
Q126486908,Andr%C3%A9_Rodrigues
Q126486927,Galato_Alexandraki
Q126487364,Gordan_Bosanac
Q126487455,Marcin_Sypniewski
Q126487457,Tomasz_Buczek
Q126489048,Verena_Mertens
Q126489095,Stefan_K%C3%B6hler
Q126489153,Tobias_Cremer
Q126489294,Giuseppina_Princi
Q126489352,Christine_Singer
Q126452,Emma_McClarkin
Q1264754,Jens-Peter_Bonde
Q155382,Eva-Britt_Svensson
Q99195218,Colm_Markey
Q99769691,Sara_Matthieu
Q3040284,Jussi_Halla-aho
Q3041550,Miguel_Portas
Q3047625,Edite_Estrela
Q3052795,Emmanuel_Maurel
Q3059549,Eugen_Jurzyca
Q3062888,Sidonia_J%C4%99drzejewska
Q3064873,Victor_Bo%C8%99tinaru
Q3064927,Ramona_M%C4%83nescu
Q3064936,Sebastian_Bodu
Q391280,%C5%A0ar%C5%ABnas_Birutis
Q395111,Agn%C3%A8s_Le_Brun
Q399192,Agust%C3%ADn_D%C3%ADaz_de_Mera_Garc%C3%ADa_Consuegra
Q405098,Ignazio_Marino
Q441543,Anthea_McIntyre
Q441535,Marina_Yannakoudakis
Q441551,Anna_Maria_Corazza_Bildt
Q17189402,Jeroen_Lenaers
Q3905080,Pina_Picierno
Q722614,Jo%C3%A3o_de_Deus_Pinheiro
Q724366,Alfr%C4%93ds_Rubiks
Q725978,Ashley_Mote
Q726328,Istv%C3%A1n_P%C3%A1lfi
Q726230,Wojciech_Olejniczak
Q727572,Umberto_Guidoni
Q728720,Vasile_Blaga
Q729874,Katalin_L%C3%A9vai
Q125985662,Jaroslav_Knot
Q810605,Bas_Belder
Q816805,Bendt_Bendtsen
Q818118,Beno%C3%AEt_Hamon
Q823087,J%C3%B3zsef_Nagy_(politician)
Q135261368,Martin_G%C3%BCnther_(politician)
Q9152187,Andrzej_Halicki
Q9154406,And%C5%BCelika_Mo%C5%BCd%C5%BCanowska
Q9155828,Anna_Zalewska
Q9157952,Antonio_De_Blasio
Q9175313,Bogdan_Rzo%C5%84ca
Q9188941,Babis_Angourakis
Q64777784,Vera_Tax
Q64851682,Carola_Rackete
Q64876326,Marianne_Vind
Q64952500,Tom_Vandendriessche
Q64995541,Kostas_Arvanitis
Q65006911,Estrella_Dur%C3%A1
Q65013040,Matteo_Adinolfi
Q65030622,Eleni_Stavrou
Q39314,Romana_Jordan
Q3082669,Ulla_T%C3%B8rn%C3%A6s
Q91760567,Vikt%C3%B3ria_Ferenc
Q12467437,Carlo_Calenda
Q3066505,Jos%C3%A9_Ram%C3%B3n_Bauz%C3%A1
Q3069232,Fernand_Le_Rachinel
Q3074223,Florian_Philippot
Q3085299,Guy_Bono
Q3088179,Jean-Marie_Beaupuy
Q3101123,Geoffroy_Didier
Q15830415,Franco_Roberti
Q17266672,Fulvio_Martusciello
Q3915832,Glyn_Ford
Q3929173,Raffaele_Stancanelli
Q3946002,Salvatore_Caronna
Q3948237,Sandro_Gozi
Q3948285,Sandro_Ruotolo
Q3992004,Tiziano_Motti
Q4054307,Giorgos_Aftias
Q4937931,Bogus%C5%82aw_Rogalski
Q4937934,Bogus%C5%82aw_Sonik
Q4939261,Boles%C5%82aw_Piecha
Q4942281,Bodil_Valero
Q5612566,Grzegorz_Tobiszowski
Q5616258,Jakop_Dalunde
Q6440112,Krzysztof_Brejza
Q6452486,Kyriakos_Velopoulos
Q6527046,Leopold_Rutowicz
Q9202040,Dariusz_Jo%C5%84ski
Q39073706,John_Flack_(British_politician)
Q40428300,Siegbert_Droese
Q40655898,Jordan_Bardella
Q64156446,Daniela_Rondinelli
Q50002,Emma_Bonino
Q5028,Britta_Thomsen
Q64351725,Paolo_Borchia
Q64358879,Ana_Collado_Jim%C3%A9nez
Q64399737,Ramona_Strugariu
Q64399772,Tom_Berendsen
Q64427892,Niels_Flemming_Hansen
Q64441604,Marc_Botenga
Q64451739,Petar_Vitanov_(politician)
Q64452485,Miriam_Lexmann
Q64495249,Simona_Baldassarre
Q64504293,Stefania_Zambelli
Q57301,Hans-Gert_P%C3%B6ttering
Q57279,Traian_B%C4%83sescu
Q57289,Toomas_Hendrik_Ilves
Q71254826,Marta_Wcis%C5%82o
Q157282,Bronis%C5%82aw_Geremek
Q312901,Josep_Borrell
Q313199,Ari_Vatanen
Q441608,Anna_Hedh
Q441791,Yannick_Jadot
Q455375,Lidia_Geringer_de_Oedenberg
Q455522,Linda_McAvan
Q455541,Anne_Van_Lancker
Q455548,Christel_Schaldemose
Q455553,Emine_Bozkurt
Q455859,Ona_Juknevi%C4%8Dien%C4%97
Q456484,Judith_Sargentini
Q456650,Fiona_Hall_(politician)
Q456745,Edit_Herczog
Q456877,Sharon_Bowles
Q74133,Barbara_Lochbihler
Q74150,Bernhard_Rapkay
Q74151,Thomas_Mann_(German_politician)
Q74162,Christian_Ehler
Q74157,Norbert_Glante
Q74164,Erika_Mann_(politician)
Q74170,Jorgo_Chatzimarkakis
Q74168,Herbert_Reul
Q74165,Sylvia-Yvonne_Kaufmann
Q74179,Helmuth_Markov
Q74186,Godelieve_Quisthoudt-Rowohl
Q74188,Jutta_Haug
Q57663,Andrius_Kubilius
Q65058344,Lara_Wolters
Q65174877,Tiago_Moreira_de_S%C3%A1
Q65274420,Dimitris_Tsiodras
Q65498266,Ana_Catarina_Mendes
Q62093,David_McAllister
Q115651920,Beatrice_Covassi
Q81087863,Hanna_Gedin
Q126116012,Raquel_Garc%C3%ADa_Hermida-van_der_Walle
Q126339534,Estrella_Gal%C3%A1n
Q126372922,Emma_Fourreau
Q126372940,Arash_Saeidi
Q126373071,Majdouline_Sba%C3%AF
Q126373079,M%C3%A9lissa_Camara
Q126373085,Thomas_Pellerin-Carlin
Q126373333,Anna_Strolenberg
Q126457764,Sabrina_Repp
Q126464207,Vivien_Costanzo
Q126464268,Sebastian_Everding
Q126472964,%C3%89ric_Sargiacomo
Q126477204,Anthony_Smith_(French_politician)
Q126478233,Nela_Riehl
Q311063,Poul_Nyrup_Rasmussen
Q440732,Marie-H%C3%A9l%C3%A8ne_Aubert
Q440778,Andrzej_Tomasz_Zapa%C5%82owski
Q440788,Konrad_Szyma%C5%84ski
Q441032,Monika_Be%C5%88ov%C3%A1
Q441282,Catherine_Bearder
Q441532,Vicky_Ford
Q5621490,Adnan_Dibrani
Q5625744,G%C3%A1bor_Harangoz%C3%B3
Q7183305,Philip_Bushill-Matthews
Q7184853,Philippe_Loiseau
Q7198040,Pirkko_Ruohonen-Lerner
Q7297473,Ray_Finch
Q30729075,Ga%C3%ABtan_Dussausaye
Q30987342,Christelle_Lechevalier
Q57630,Valdis_Dombrovskis
Q56044798,Raffaele_Topo
Q56320702,Aurore_Lalucq
Q31236,Reinhard_B%C3%BCtikofer
Q64523123,Sara_Cerdas
Q64524420,Sandra_Pereira
Q64555189,Elena_Lizzi
Q64555231,Valentino_Grant
Q64578398,Francesca_Donato
Q64585327,Nicola_Procaccini
Q64590304,Dorien_Rookmaker
Q64594647,Marco_Dreosto
Q64605658,Mario_Furore
Q64616136,Liesje_Schreinemacher
Q64624736,Miroslav_Rada%C4%8Dovsk%C3%BD
Q64626731,Salvatore_De_Meo
Q64692014,Giuseppe_Milazzo
Q64737145,Pietro_Fiocchi
Q64762049,Lefteris_Nikolaou-Alavanos
Q64767831,Athanasios_Konstantinou
Q57447,Udo_Voigt
Q57467,J%C3%A1nos_%C3%81der
Q57640,Andrus_Ansip
Q71966781,Jacek_Ozdoba
Q72310730,Jo%C3%A3o_Cotrim_de_Figueiredo
Q72697424,Mary_Khan-Hohloch
Q315128,Ralf_Walter
Q315151,Tobias_Pfl%C3%BCger
Q316226,Ciriaco_De_Mita
Q441800,Michalis_Tremopoulos
Q442035,Marije_Cornelissen
Q442469,Kathalijne_Buitenweg
Q442810,Mich%C3%A8le_Rivasi
Q443069,Minodora_Cliveti
Q443101,Evangelia_Tzampazi
Q443095,Rovana_Plumb
Q443141,Carmen_Fraga_Est%C3%A9vez
Q443148,H%C3%A9l%C3%A8ne_Goudin
Q443154,Roberta_Anastase
Q456901,Sirpa_Pietik%C3%A4inen
Q457080,Josefa_Andr%C3%A9s_Barea
Q457117,Marie_Arena
Q457129,Emilie_Turunen
Q457673,Ashley_Fox
Q457826,Licia_Ronzulli
Q457878,Diana_Wallis
Q457884,Jeanine_Hennis-Plasschaert
Q497480,Andreas_Gl%C3%BCck
Q500389,Andreas_Schieder
Q501991,Bronis_Rop%C4%97
Q602826,Monika_Panayotova
Q602944,Antonio_L%C3%B3pez-Ist%C3%BAriz_White
Q604616,Marek_Siwiec
Q607679,Regina_Bastos
Q607917,Luis_de_Grandes_Pascual
Q610355,Jan_Ku%C5%82akowski
Q610788,Ant%C3%B3nio_Costa
Q611182,Ant%C3%B3nio_Marinho_e_Pinto
Q74191,Evelyne_Gebhardt
Q730921,Paolo_De_Castro
Q731042,J%C3%B3zsef_Sz%C3%A1jer
Q92274,Petra_Kammerevert
Q92299,Birgit_Schnieber-Jastram
Q57806,Antonis_Samaras
Q1388478,John_Attard_Montalto
Q1389005,Joe_Higgins_(politician)
Q1390276,Panayiotis_Demetriou
Q1391098,Ian_Hudghton
Q1392344,Francisco_Sosa_Wagner
Q1392390,Jaros%C5%82aw_Wa%C5%82%C4%99sa
Q1392860,Raimon_Obiols
Q1394045,Kader_Arif
Q1394872,Giusto_Catania
Q3131703,Olle_Ludvigsson
Q3133564,Jozef_Mih%C3%A1l
Q3134543,Herv%C3%A9_Juvin
Q3137902,Nedzhmi_Ali
Q3142509,Hugues_Bayet
Q3143147,Olivier_Chastel
Q3154049,Ioannis_Lagos
Q3154961,Isabelle_Le_Callennec
Q3155046,Isabelle_Thomas_(politician)
Q3161914,Janelly_Fourtou
Q3164979,Jean-Claude_Fruteau
Q459327,Carmen_Romero_L%C3%B3pez
Q459373,Iratxe_Garc%C3%ADa
Q505685,S%C3%A9rgio_Marques
Q509840,Phil_Prendergast
Q510080,Constance_Le_Grip
Q511181,Birgit_Collin-Langen
Q511094,Rebecca_Taylor_(politician)
Q566810,Anni_Podimata
Q568949,Francis_Wurtz
Q570159,Piotr_Borys
Q570288,Micha%C5%82_Szczerba
Q571803,Maciej_Giertych
Q578504,David_Casa
Q738049,Csaba_Tabajdi
Q741344,Sajjad_Karim
Q741884,Hynek_Fajmon
Q6064043,Iosif_Matula
Q6082822,Niyazi_K%C4%B1z%C4%B1ly%C3%BCrek
Q6096116,Ivan_David
Q6120507,Jacques_Colombier
Q6149636,Jan_Olbrycht
Q921284,Albert_Jan_Maat
Q921722,Giulietto_Chiesa
Q921839,Jacek_Saryusz-Wolski
Q937002,Philippe_Lamberts
Q938224,Joseph_Muscat
Q938969,P%C3%A1l_Szekeres
Q939484,Alexandr_Vondra
Q939681,Lucas_Hartong
Q941029,Giorgos_Toussas
Q941189,Mikel_Irujo
Q941452,Erik_Meijer_(politician)
Q941950,Juan_Fernando_L%C3%B3pez_Aguilar
Q444093,Thanos_Plevris
Q3109021,Ivan_Jakov%C4%8Di%C4%87
Q3115681,Marita_Ulvskog
Q3116195,Ilda_Figueiredo
Q3116223,G%C3%B6ran_F%C3%A4rm
Q3120121,Guillaume_Peltier
Q3124878,Nikolaos_Sifounakis
Q443342,Marcin_Libicki
Q443409,Catherine_Stihler
Q443609,Arlene_McCarthy
Q443976,Rosa_Migu%C3%A9lez
Q444372,Marian_Harkin
Q444504,Arnaud_Danjean
Q444761,Tarja_Cronberg
Q445342,Corrado_Gabriele
Q445705,Philippe_Juvin
Q446042,Vital_Moreira
Q446584,Filiz_Hyusmenova
Q446679,Patrizia_Toia
Q458064,Cristiana_Muscardini
Q458052,Kartika_Liotard
Q458084,Fr%C3%A9d%C3%A9rique_Ries
Q458086,Rodi_Kratsa-Tsagaropoulou
Q458219,Riitta_Myller
Q458306,Mia_De_Vits
Q458476,Malika_Benarab-Attou
Q458709,Magdi_Allam
Q459182,Margarita_Starkevi%C4%8Di%C5%ABt%C4%97
Q459191,Radvil%C4%97_Mork%C5%ABnait%C4%97-Mikul%C4%97nien%C4%97
Q502972,Brice_Hortefeux
Q503143,Alexander_Stubb
Q504532,Andrew_Duff
Q504595,Pablo_Arias_Echeverr%C3%ADa
Q612666,Catarina_Martins
Q613178,Karim_Z%C3%A9ribi
Q614166,Konstantin_Dimitrov
Q616234,Erik_B%C3%A1nki
Q616525,Gianfranco_Miccich%C3%A8
Q616919,Paul_Murphy_(Irish_politician)
Q617451,Marit_Maij
Q617639,Guido_Sacconi
Q617990,Fernando_Fern%C3%A1ndez_Mart%C3%ADn
Q731523,Micha%C5%82_Kami%C5%84ski
Q733872,Istv%C3%A1n_Szent-Iv%C3%A1nyi
Q737378,Gigi_Becali
Q7308461,Regina_Doherty
Q7351526,Roberta_Metsola
Q1394911,Clemente_Mastella
Q1396422,Iliana_Ivanova
Q1398025,Ivari_Padar
Q1528519,Godfrey_Bloom
Q1531043,Glenn_Bedingfield
Q1531555,Sepp_Kusstatscher
Q1535927,Ottaviano_Del_Turco
Q2794709,Esteban_Gonz%C3%A1lez_Pons
Q2798242,Malik_Azmani
Q459406,Willem_Schuth
Q4559562,Jessica_Polfj%C3%A4rd
Q4949040,Hel%C3%A9ne_Fritzon
Q4958080,Karin_Karlsbro
Q4963985,Brian_Hayes_(politician)
Q4972614,Ewa_Hedkvist_Petersen
Q4975127,Maria_Robsahm
Q4979205,Sara_Skyttedal
Q4988619,Jytte_Guteland
Q4992461,Jens_Nilsson
Q4992676,Martina_Anderson
Q6172305,Jasenko_Selimovi%C4%87
Q6176319,Jeffrey_Titford
Q6212174,Tomas_Tob%C3%A9
Q7312043,Remo_Sernagiotto
Q923794,Rosario_Crocetta
Q925180,Kosma_Z%C5%82otowski
Q942579,Richard_Falbr
Q942993,Jaroslav_Pa%C5%A1ka
Q943067,S%C5%82awomir_Nitras
Q943146,Luis_Y%C3%A1%C3%B1ez-Barnuevo
Q943880,Giuseppe_Gargani
Q943971,Martin_Dimitrov
Q944009,Evgeni_Kirilov
Q31210746,"Wajid_Khan,_Baron_Khan_of_Burnley"
Q31271619,John_Howarth_(politician)
Q60296838,Valentina_Palmisano
Q60485194,Patricia_Caro
Q60552203,Mark%C3%A9ta_Gregorov%C3%A1
Q60566514,Mar%C3%ADa_Eugenia_Rodr%C3%ADguez_Palop
Q60583106,Hans_Neuhoff
Q60604421,H%C3%A9l%C3%A8ne_Laporte
Q60604481,Virginie_Joron
Q60617266,Magdalena_Adamowicz
Q60659215,Ond%C5%99ej_Krut%C3%ADlek
Q61062718,Mislav_Kolaku%C5%A1i%C4%87
Q61743771,Sira_Rego
Q61770146,Nikos_Anadiotis
Q468690,Marju_Lauristin
Q468023,"Kay_Swinburne,_Baroness_Swinburne"
Q15117357,Katarina_Barley
Q15146515,Jaroslava_Pokorn%C3%A1_Jermanov%C3%A1
Q15146511,Radka_Maxov%C3%A1
Q459756,Laurence_Stassen
Q460270,Isabelle_Durant
Q460330,Carolina_Morace
Q460539,Cecilia_Wikstr%C3%B6m
Q468021,Erna_Hennicot-Schoepges
Q468077,Eleni_Theocharous
Q468850,Nora_Berra
Q469285,Karin_Kraml
Q469352,Louis_Michel
Q469609,Jana_Bobo%C5%A1%C3%ADkov%C3%A1
Q469625,Anne_Elisabet_Jensen
Q469658,Mary_Honeyball
Q17266640,Tiziana_Beghin
Q17266671,Alberto_Cirio
Q17266675,David_Borrelli_(politician)
Q17266677,Eleonora_Evi
Q17266674,Piernicola_Pedicini
Q17266678,Marco_Zanni
Q3847318,Maria_Grazia_Pagano
Q3851074,Massimiliano_Salini
Q3851077,Massimiliano_Smeriglio
Q3852194,Matteo_Ricci_(politician)
Q3875891,Niccol%C3%B2_Rinaldi
Q86823,Franz_Obermayr
Q95269,Werner_Schulz
Q95516,Joachim_Zeller
Q95558,Sabine_Wils
Q95758,Jens_Geier
Q95895,Martin_H%C3%A4usling
Q96290,Helmut_Scholz_(politician)
Q17266645,Nicola_Caputo
Q45815517,Karoline_Edtstadler
Q56822818,Catherine_Rowett
Q57037488,Alessandro_Ciriani
Q57339530,Marta_Temido
Q47547,Antonio_Di_Pietro
Q47556,Pier_Luigi_Bersani
Q47602,Massimo_D%27Alema
Q47651,Marco_Pannella
Q9670,Caroline_Lucas
Q946742,Kristian_Vigenin
Q17266811,Eva_Maydell
Q17270451,Liliana_Rodrigues
Q17276525,Anne-Marie_Mineur
Q17280090,Lola_S%C3%A1nchez_Caldentey
Q17280089,Teresa_Rodr%C3%ADguez
Q17297615,Gy%C3%B6rgy_H%C3%B6lv%C3%A9nyi
Q17297655,Jan_Huitema
Q17302280,Andrea_Bocskor
Q17305108,Marco_Zullo
Q17305189,Victor_Negrescu
Q513301,Fredrick_Federley
Q514593,Inger_Segelstr%C3%B6m
Q517161,Claudio_Fava
Q518534,Alfred_Gomolka
Q519793,Janusz_Lewandowski
Q520490,Iuliu_Winkler
Q539372,Peter_%C5%A0%C5%A5astn%C3%BD
Q540396,Hanne_Dahl
Q540801,Avril_Doyle
Q540812,Frances_Fitzgerald_(politician)
Q542060,H%C3%A9l%C3%A8ne_Flautre
Q543728,Jean_Roatta
Q543763,Peter_van_Dalen
Q544725,Christophe_B%C3%A9chu
Q69778,Milan_Hor%C3%A1%C4%8Dek
Q88879,Horst_Schnellhardt
Q88885,Roland_Gewalt
Q88893,Ingo_Schmitt
Q89051,Heinz_K._Becker
Q89292,Joachim_Starbatty
Q89398,Ulrike_Lunacek
Q946639,Miroslav_Ouzk%C3%BD
Q946669,Roberto_Musacchio
Q946682,Malcolm_Harbour
Q946708,Jens_Holm
Q946755,Alain_Hutchinson
Q946779,Metin_Kazak
Q947257,Miguel_%C3%81ngel_Mart%C3%ADnez_Mart%C3%ADnez
Q948169,Roberto_Gualtieri
Q173958,Edward_Scicluna
Q467853,Mariliza_Xenogiannakopoulou
Q94158261,Michael_von_der_Schulenburg
Q15651402,Johan_Van_Overtveldt
Q1514662,Jean-Luc_Bennahmias
Q1735624,Katar%C3%ADna_Roth_Neve%C4%8Falov%C3%A1
Q1738098,Keith_Taylor_(British_politician)
Q15207915,Marlene_Mizzi
Q15229428,Bal%C3%A1zs_Hidv%C3%A9ghi
Q15281152,Maria_Ohisalo
Q15391841,Marie-Agnes_Strack-Zimmermann
Q15564103,Ernest_Urtasun
Q386491,Claudio_Morganti
Q15618404,Petra_Steger
Q15623382,Simona_Bonaf%C3%A9
Q15649550,Dace_Melb%C4%81rde
Q15696910,Virginie_Rozi%C3%A8re
Q15718586,Maria_Grapini
Q15724624,Fran%C3%A7ois-Xavier_Bellamy
Q15730943,Miroslav_Poche
Q15731842,Felix_Reda
